{
    "parent": "gaming:clock/root",
    "display": {
      "icon": {
        "item": "minecraft:cauldron"
      },
      "title": {
        "text": "游戏刚刚开始"
      },
      "description": [
        {"text": "你学会了如何增加时间！\n","color":"white"},
        {"text": "即烧制好的矿丢锅里或潜行于矿石块上。","color":"gray","italic": true}
      ],
      "frame": "task",
      "show_toast": true,
      "announce_to_chat": true,
      "hidden": false
    },
    "criteria": {
      "raw": {"trigger":"minecraft:impossible"}
    }
}