{
    "parent": "gaming:clock/learn",
    "display": {
      "icon": {
        "item": "minecraft:dragon_head"
      },
      "title": {
        "text": "挑战成功"
      },
      "description": [
        {"text": "杀死了末影龙。\n","color":"white"},
        {"text": "感谢游玩本数据包！","color":"gray","italic": true}
      ],
      "frame": "challenge",
      "show_toast": true,
      "announce_to_chat": true,
      "hidden": false
    },
    "criteria": {
      "raw": {"trigger":"minecraft:impossible"}
    }
}