{
    "parent": "gaming:clock/win",
    "display": {
      "icon": {
        "item": "minecraft:experience_bottle"
      },
      "title": {
        "text": "超级速通玩家"
      },
      "description": [
        {"text": "在不加时间的情况下完成游戏。\n","color":"white"},
        {"text": "时间陷阱是什么啊?","color":"gray","italic": true}
      ],
      "frame": "challenge",
      "show_toast": true,
      "announce_to_chat": true,
      "hidden": true
    },
    "criteria": {
      "raw": {"trigger":"minecraft:impossible"}
    }
}